<?xml version="1.0" encoding="UTF-8"?>
<jcr:root xmlns:jcr="http://www.jcp.org/jcr/1.0" xmlns:nt="http://www.jcp.org/jcr/nt/1.0" xmlns:cq="http://www.day.com/jcr/cq/1.0" xmlns:sling="http://sling.apache.org/jcr/sling/1.0"
    jcr:primaryType="cq:Page">
    <jcr:content
        cq:lastModified="{Date}2020-07-09T08:42:04.639-07:00"
        cq:lastModifiedBy="admin"
        cq:tags="[]"
        cq:template="/conf/wknd/settings/wcm/templates/experience-fragment-web-variation-template"
        cq:xfVariantType="web"
        jcr:primaryType="cq:PageContent"
        jcr:title="Byline"
        sling:resourceType="wknd/components/xfpage">
        <root
            jcr:primaryType="nt:unstructured"
            sling:resourceType="wknd/components/container">
            <container
                jcr:created="{Date}2019-09-13T14:22:51.213-07:00"
                jcr:createdBy="admin"
                jcr:lastModified="{Date}2020-07-09T08:42:04.565-07:00"
                jcr:lastModifiedBy="admin"
                jcr:primaryType="nt:unstructured"
                sling:resourceType="wknd/components/container"
                layout="responsiveGrid">
                <separator_copy
                    jcr:created="{Date}2019-09-25T14:33:55.691-07:00"
                    jcr:createdBy="admin"
                    jcr:lastModified="{Date}2019-09-25T14:33:55.691-07:00"
                    jcr:lastModifiedBy="admin"
                    jcr:primaryType="nt:unstructured"
                    sling:resourceType="wknd/components/separator"/>
                <byline_copy
                    jcr:created="{Date}2019-09-25T14:32:57.008-07:00"
                    jcr:createdBy="admin"
                    jcr:lastModified="{Date}2019-10-02T12:50:52.664-07:00"
                    jcr:lastModifiedBy="admin"
                    jcr:primaryType="nt:unstructured"
                    sling:resourceType="wknd/components/byline"
                    fileReference="/content/dam/wknd-shared/en/contributors/justin_barr.jpg"
                    name="Justin Barr"
                    occupations="[Ceramic Artist,Rock Climber,Writer]">
                    <cq:responsive jcr:primaryType="nt:unstructured">
                        <default
                            jcr:primaryType="nt:unstructured"
                            offset="0"
                            width="9"/>
                        <phone
                            jcr:primaryType="nt:unstructured"
                            offset="0"
                            width="12"/>
                        <tablet
                            jcr:primaryType="nt:unstructured"
                            offset="0"
                            width="12"/>
                    </cq:responsive>
                </byline_copy>
                <button
                    cq:masterBuildingBlock="{Boolean}true"
                    cq:styleIds="[1571358661842]"
                    jcr:created="{Date}2019-09-25T14:34:47.572-07:00"
                    jcr:createdBy="admin"
                    jcr:lastModified="{Date}2019-10-18T13:21:09.178-07:00"
                    jcr:lastModifiedBy="admin"
                    jcr:primaryType="nt:unstructured"
                    jcr:title="Justin Barr Social Media Buttons"
                    sling:resourceType="cq/experience-fragments/editor/components/buildingblock">
                    <button51005661472883
                        cq:styleIds="[1568839776757,1570758781253]"
                        jcr:lastModified="{Date}2019-09-25T14:36:17.865-07:00"
                        jcr:lastModifiedBy="admin"
                        jcr:primaryType="nt:unstructured"
                        jcr:title="Facebook"
                        sling:resourceType="wknd/components/button"
                        accessibilityLabel="Facebook"
                        icon="facebook"
                        linkTarget="_self"
                        linkURL="#jbarr">
                        <cq:responsive jcr:primaryType="nt:unstructured">
                            <default
                                jcr:primaryType="nt:unstructured"
                                offset="0"
                                width="1"/>
                        </cq:responsive>
                    </button51005661472883>
                    <item51005662284484
                        cq:styleIds="[1568839776757,1570758781253]"
                        jcr:created="{Date}2019-09-25T14:34:47.572-07:00"
                        jcr:createdBy="admin"
                        jcr:lastModified="{Date}2019-09-25T14:36:45.160-07:00"
                        jcr:lastModifiedBy="admin"
                        jcr:primaryType="nt:unstructured"
                        jcr:title="Twitter"
                        sling:resourceType="wknd/components/button"
                        accessibilityLabel="Twitter"
                        icon="twitter"
                        linkTarget="_self"
                        linkURL="#jbarr">
                        <cq:responsive jcr:primaryType="nt:unstructured">
                            <default
                                jcr:primaryType="nt:unstructured"
                                offset="0"
                                width="1"/>
                        </cq:responsive>
                    </item51005662284484>
                    <item51005663645305
                        cq:styleIds="[1568839776757,1570758781253]"
                        jcr:created="{Date}2019-09-25T14:34:47.572-07:00"
                        jcr:createdBy="admin"
                        jcr:lastModified="{Date}2019-09-25T14:37:00.836-07:00"
                        jcr:lastModifiedBy="admin"
                        jcr:primaryType="nt:unstructured"
                        jcr:title="Instagram"
                        sling:resourceType="wknd/components/button"
                        accessibilityLabel="instagram"
                        icon="instagram"
                        linkTarget="_self"
                        linkURL="#jbarr">
                        <cq:responsive jcr:primaryType="nt:unstructured">
                            <default
                                jcr:primaryType="nt:unstructured"
                                offset="0"
                                width="1"/>
                        </cq:responsive>
                    </item51005663645305>
                    <cq:responsive jcr:primaryType="nt:unstructured">
                        <default
                            jcr:primaryType="nt:unstructured"
                            offset="0"
                            width="3"/>
                        <phone
                            jcr:primaryType="nt:unstructured"
                            offset="0"
                            width="12"/>
                        <tablet
                            jcr:primaryType="nt:unstructured"
                            offset="0"
                            width="12"/>
                    </cq:responsive>
                </button>
            </container>
        </root>
    </jcr:content>
</jcr:root>
