<?xml version="1.0" encoding="UTF-8"?>
<jcr:root xmlns:jcr="http://www.jcp.org/jcr/1.0" xmlns:nt="http://www.jcp.org/jcr/nt/1.0" xmlns:cq="http://www.day.com/jcr/cq/1.0" xmlns:sling="http://sling.apache.org/jcr/sling/1.0"
    jcr:primaryType="cq:Page">
    <jcr:content
        cq:lastModified="{Date}2020-07-09T08:30:28.601-07:00"
        cq:lastModifiedBy="admin"
        cq:tags="[]"
        cq:template="/conf/wknd/settings/wcm/templates/experience-fragment-web-variation-template"
        cq:xfVariantType="web"
        jcr:primaryType="cq:PageContent"
        jcr:title="Byline"
        sling:resourceType="wknd/components/xfpage">
        <root
            jcr:primaryType="nt:unstructured"
            sling:resourceType="wknd/components/container">
            <container
                jcr:created="{Date}2019-09-13T14:22:51.213-07:00"
                jcr:createdBy="admin"
                jcr:lastModified="{Date}2020-07-09T08:30:28.574-07:00"
                jcr:lastModifiedBy="admin"
                jcr:primaryType="nt:unstructured"
                sling:resourceType="wknd/components/container"
                layout="responsiveGrid">
                <separator_copy
                    jcr:created="{Date}2019-09-25T14:33:55.691-07:00"
                    jcr:createdBy="admin"
                    jcr:lastModified="{Date}2019-09-25T14:33:55.691-07:00"
                    jcr:lastModifiedBy="admin"
                    jcr:primaryType="nt:unstructured"
                    sling:resourceType="wknd/components/separator"/>
                <byline_copy
                    jcr:created="{Date}2019-09-25T14:32:57.008-07:00"
                    jcr:createdBy="admin"
                    jcr:lastModified="{Date}2019-10-28T10:44:24.954-07:00"
                    jcr:lastModifiedBy="admin"
                    jcr:primaryType="nt:unstructured"
                    sling:resourceType="wknd/components/byline"
                    fileReference="/content/dam/wknd-shared/en/contributors/kumar-selvaraj.jpg"
                    name="Kumar Selveraj"
                    occupations="[Photographer,Surfer]">
                    <cq:responsive jcr:primaryType="nt:unstructured">
                        <default
                            jcr:primaryType="nt:unstructured"
                            offset="0"
                            width="9"/>
                        <phone
                            jcr:primaryType="nt:unstructured"
                            offset="0"
                            width="12"/>
                        <tablet
                            jcr:primaryType="nt:unstructured"
                            offset="0"
                            width="12"/>
                    </cq:responsive>
                </byline_copy>
                <buildingblock
                    cq:masterBuildingBlockPath="/content/experience-fragments/wknd/language-masters/en/contributors/kumar-selveraj/master/jcr:content/root/container/button51191422088661"
                    cq:styleIds="[1571358661842]"
                    jcr:created="{Date}2019-10-28T10:42:46.667-07:00"
                    jcr:createdBy="admin"
                    jcr:lastModified="{Date}2019-10-28T10:42:46.667-07:00"
                    jcr:lastModifiedBy="admin"
                    jcr:primaryType="nt:unstructured"
                    sling:resourceType="cq/experience-fragments/editor/components/buildingblock">
                    <button5119142208866147937378566928
                        cq:styleIds="[1568839776757,1570758781253]"
                        jcr:lastModified="{Date}2019-10-28T10:42:22.618-07:00"
                        jcr:lastModifiedBy="admin"
                        jcr:primaryType="nt:unstructured"
                        jcr:title="Facebook"
                        sling:resourceType="wknd/components/button"
                        accessibilityLabel="Facebook"
                        icon="facebook"
                        linkTarget="_self"
                        linkURL="#selveraj">
                        <cq:responsive jcr:primaryType="nt:unstructured">
                            <default
                                jcr:primaryType="nt:unstructured"
                                offset="0"
                                width="1"/>
                        </cq:responsive>
                    </button5119142208866147937378566928>
                    <item47937379273969
                        cq:styleIds="[1568839776757,1570758781253]"
                        jcr:created="{Date}2019-09-25T14:34:47.572-07:00"
                        jcr:createdBy="admin"
                        jcr:lastModified="{Date}2019-10-28T10:42:29.108-07:00"
                        jcr:lastModifiedBy="admin"
                        jcr:primaryType="nt:unstructured"
                        jcr:title="Instagram"
                        sling:resourceType="wknd/components/button"
                        accessibilityLabel="instagram"
                        icon="instagram"
                        linkTarget="_self"
                        linkURL="#selveraj">
                        <cq:responsive jcr:primaryType="nt:unstructured">
                            <default
                                jcr:primaryType="nt:unstructured"
                                offset="0"
                                width="1"/>
                        </cq:responsive>
                    </item47937379273969>
                    <item47937380827328
                        cq:styleIds="[1568839776757,1570758781253]"
                        jcr:created="{Date}2019-09-25T14:34:47.572-07:00"
                        jcr:createdBy="admin"
                        jcr:lastModified="{Date}2019-10-28T10:42:36.484-07:00"
                        jcr:lastModifiedBy="admin"
                        jcr:primaryType="nt:unstructured"
                        jcr:title="Twitter"
                        sling:resourceType="wknd/components/button"
                        accessibilityLabel="Twitter"
                        icon="twitter"
                        linkTarget="_self"
                        linkURL="#selveraj">
                        <cq:responsive jcr:primaryType="nt:unstructured">
                            <default
                                jcr:primaryType="nt:unstructured"
                                offset="0"
                                width="1"/>
                        </cq:responsive>
                    </item47937380827328>
                    <cq:responsive jcr:primaryType="nt:unstructured">
                        <default
                            jcr:primaryType="nt:unstructured"
                            offset="0"
                            width="3"/>
                        <phone
                            jcr:primaryType="nt:unstructured"
                            offset="0"
                            width="12"/>
                        <tablet
                            jcr:primaryType="nt:unstructured"
                            offset="0"
                            width="12"/>
                    </cq:responsive>
                </buildingblock>
            </container>
        </root>
    </jcr:content>
</jcr:root>
