<?xml version="1.0" encoding="UTF-8"?>
<jcr:root xmlns:jcr="http://www.jcp.org/jcr/1.0" xmlns:nt="http://www.jcp.org/jcr/nt/1.0" xmlns:cq="http://www.day.com/jcr/cq/1.0" xmlns:sling="http://sling.apache.org/jcr/sling/1.0"
    jcr:primaryType="cq:Page">
    <jcr:content
        cq:lastModified="{Date}2024-10-29T17:35:12.071+05:30"
        cq:lastModifiedBy="admin"
        cq:tags="[experience-fragments:variation/web]"
        cq:template="/conf/wknd/settings/wcm/templates/experience-fragment-web-variation-template"
        cq:xfMasterVariation="{Boolean}true"
        cq:xfVariantType="web"
        jcr:primaryType="cq:PageContent"
        jcr:title="Header Without Navigation"
        sling:resourceType="wknd/components/xfpage">
        <root
            jcr:primaryType="nt:unstructured"
            sling:resourceType="wknd/components/container"
            layout="responsiveGrid">
            <container
                cq:styleIds="[1570043787082]"
                jcr:created="{Date}2019-09-13T14:22:51.213-07:00"
                jcr:createdBy="admin"
                jcr:lastModified="{Date}2019-09-13T14:23:01.260-07:00"
                jcr:lastModifiedBy="admin"
                jcr:primaryType="nt:unstructured"
                sling:resourceType="wknd/components/container"
                layout="responsiveGrid">
                <container_1195249223
                    cq:styleIds="[1568592140003]"
                    jcr:created="{Date}2019-09-15T16:51:57.924-07:00"
                    jcr:createdBy="admin"
                    jcr:lastModified="{Date}2020-07-07T17:35:30.806-07:00"
                    jcr:lastModifiedBy="admin"
                    jcr:primaryType="nt:unstructured"
                    sling:resourceType="wknd/components/container"
                    layout="responsiveGrid">
                    <cq:responsive jcr:primaryType="nt:unstructured"/>
                    <image
                        cq:styleIds="[1568592012684]"
                        jcr:created="{Date}2019-09-15T16:52:06.237-07:00"
                        jcr:createdBy="admin"
                        jcr:lastModified="{Date}2020-07-10T13:22:40.447-07:00"
                        jcr:lastModifiedBy="admin"
                        jcr:primaryType="nt:unstructured"
                        sling:resourceType="wknd/components/image"
                        alt="WKND Logo"
                        altValueFromDAM="false"
                        displayPopupTitle="false"
                        fileReference="/content/dam/wknd/en/site/wknd-logo-dk.svg"
                        isDecorative="false"
                        linkURL="#"
                        titleValueFromDAM="false">
                        <cq:responsive jcr:primaryType="nt:unstructured">
                            <default
                                jcr:primaryType="nt:unstructured"
                                offset="0"
                                width="2"/>
                            <tablet
                                jcr:primaryType="nt:unstructured"
                                width="6"/>
                            <phone
                                jcr:primaryType="nt:unstructured"
                                width="6"/>
                        </cq:responsive>
                    </image>
                </container_1195249223>
            </container>
        </root>
    </jcr:content>
</jcr:root>
